id_tarjeta,id_usuario
1000000000032,11
1000000000249,18
1000000000357,20
1000000000337,25
1000000000073,31
1000000000316,37
1000000000406,37
1000000000406,37
1000000000499,39
1000000000499,39
1000000000030,40
1000000000334,51
1000000000227,52
1000000000043,53
1000000000414,53
1000000000414,53
1000000000228,58
1000000000324,64
1000000000324,64
1000000000436,65
1000000000192,67
1000000000439,68
1000000000447,70
1000000000011,70
1000000000120,71
1000000000124,93
1000000000461,97
1000000000008,102
1000000000079,107
1000000000361,109
1000000000361,109
1000000000454,117
